Workbook

Sheet Checklist Tracker - 2026
A1: Annual Checklist Completion Tracker (Vastint)
A2: Checklist year | B2: 2026 | D2: Overdue after (days) | E2: 30 | G2: Last updated | H2: =TODAY() -> 46121
A4: Company / Entity | B4: Owner | C4: Email | D4: Sent date | E4: Status | F4: Completion date | G4: Days open | H4: Overdue? | I4: Evidence / link | J4: Notes
A5: Vastint Belgium S.A. | B5: David Toury | C5: david.toury@vastint.eu | D5: 46000 | E5: Not started | G5: =IF(D5="","",IF(E5="Completed",IF(F5="","",(F5-D5)),(TODAY()-D5))) -> 121 | H5: =IF(AND(D5<>"",E5<>"Completed",E5<>"N/A",(TODAY()-D5)>$E$2),"OVERDUE","") -> OVERDUE
A6: Vastint France SAS | B6: Gwendal Le Metour | C6: gwendal.lemetour@vastint.eu | D6: 46000 | E6: Completed | F6: 46083 | G6: =IF(D6="","",IF(E6="Completed",IF(F6="","",(F6-D6)),(TODAY()-D6))) -> 83 | H6: =IF(AND(D6<>"",E6<>"Completed",E6<>"N/A",(TODAY()-D6)>$E$2),"OVERDUE","") | I6: [FR] Privacy Champions - Annual_Review_Checklist.xlsx | J6: Verified by Lucas Noronha.
A7: Vastint Germany Gmbh / Vastint Germany Services** | B7: Shu Loon Teh | C7: shuloon.teh@vastint.eu | D7: 46000 | E7: Completed | F7: 46108 | G7: =IF(D7="","",IF(E7="Completed",IF(F7="","",(F7-D7)),(TODAY()-D7))) -> 108 | H7: =IF(AND(D7<>"",E7<>"Completed",E7<>"N/A",(TODAY()-D7)>$E$2),"OVERDUE","") | I7: https://vastint.sharepoint.com/:x:/r/sites/PrivacyChampions-VastintGermany/Shared%20Documents/Vastint%20Germany/Assessments%20%26%20Reports/%5BDE%5D%20Privacy%20Champions%20-%20Annual_Review_Checklist.xlsx?d=w23e7a6b30594404582d82121023710f2&csf=1&web=1&e=X3PFcL
A8: Vastint Latvia | B8: Romans Astahovs | C8: romans.astahovs@vastint.eu | D8: 46000 | E8: Completed | F8: 46073 | G8: =IF(D8="","",IF(E8="Completed",IF(F8="","",(F8-D8)),(TODAY()-D8))) -> 73 | H8: =IF(AND(D8<>"",E8<>"Completed",E8<>"N/A",(TODAY()-D8)>$E$2),"OVERDUE","") | I8: https://vastint.sharepoint.com/:x:/r/sites/PrivacyChampions-VastintLatvia/Shared%20Documents/Vastint%20Latvia/Assessments%20%26%20Reports/GDPR%20Annual_Review_Checklist%20LATVIA%202026-02-20.xlsx?d=w89e9e91b1bad4b02b2c4088d9da155c2&csf=1&web=1&e=Mh91gM
A9: Vastint Lithuania UAB | B9: Adomas Gervė | C9: adomas.gerve@vastint.eu | D9: 46000 | E9: Completed | F9: 46119 | G9: =IF(D9="","",IF(E9="Completed",IF(F9="","",(F9-D9)),(TODAY()-D9))) -> 119 | H9: =IF(AND(D9<>"",E9<>"Completed",E9<>"N/A",(TODAY()-D9)>$E$2),"OVERDUE","") | I9: https://vastint.sharepoint.com/:x:/r/sites/PrivacyChampions-VastintLithuania/Shared%20Documents/Vastint%20Lithuania/Assessments%20%26%20Reports/%5BLI%5D%20Privacy%20Champions%20-%20Annual_Review_Checklist-2025%2012%2031.xlsx?d=wbabddd11b3c04293b03fb552bbcd6131&csf=1&web=1&e=ufnkpm
A10: Vatint Netherlands | B10: Sita Huizinga | C10: sita.huizinga@vastint.eu | D10: 46000 | E10: Completed | F10: 46108 | G10: =IF(D10="","",IF(E10="Completed",IF(F10="","",(F10-D10)),(TODAY()-D10))) -> 108 | H10: =IF(AND(D10<>"",E10<>"Completed",E10<>"N/A",(TODAY()-D10)>$E$2),"OVERDUE","") | I10: https://vastint.sharepoint.com/:x:/r/sites/PrivacyChampions-VastintNetherlands/Shared%20Documents/Vastint%20Netherlands/Assessment%20%26%20Reports/2026%20VNL%20Privacy%20Champion%20-%20Annual_Review_Checklist.xlsx?d=w41814f7f53804a33be318dd5c967ed4c&csf=1&web=1&e=g0X1w1
A11: Vastint Poland Sp. z o. o. | B11: Agnieszka Mikosik | C11: agnieszka.mikosik@vastint.eu | D11: 46000 | E11: Completed | F11: 46115 | G11: =IF(D11="","",IF(E11="Completed",IF(F11="","",(F11-D11)),(TODAY()-D11))) -> 115 | H11: =IF(AND(D11<>"",E11<>"Completed",E11<>"N/A",(TODAY()-D11)>$E$2),"OVERDUE","") | I11: https://vastint.sharepoint.com/:x:/r/sites/PrivacyChampions-VastintPoland/Shared%20Documents/Vastint%20Poland/Assessments%20%26%20Reports/Privacy%20Champions%20-%20Annual_Review_Checklist%20(2).xlsx?d=wd3782e67a1154008b362ebc5b6f773bf&csf=1&web=1&e=zmZ81M
A12: Vastint Romania SRL | B12: Simona Fux | C12: simona.fux@vastint.eu | D12: 46000 | E12: Not started | G12: =IF(D12="","",IF(E12="Completed",IF(F12="","",(F12-D12)),(TODAY()-D12))) -> 121 | H12: =IF(AND(D12<>"",E12<>"Completed",E12<>"N/A",(TODAY()-D12)>$E$2),"OVERDUE","") -> OVERDUE
A13: Vastint UK BV | B13: Rosemary Shurlock | C13: rosemary.shurlock@vastint.eu | D13: 46000 | E13: Not started | G13: =IF(D13="","",IF(E13="Completed",IF(F13="","",(F13-D13)),(TODAY()-D13))) -> 121 | H13: =IF(AND(D13<>"",E13<>"Completed",E13<>"N/A",(TODAY()-D13)>$E$2),"OVERDUE","") -> OVERDUE
A14: Vastint Italy | B14: Stefano Carli | C14: stefano.carli@vastint.eu | D14: 46000 | E14: Completed | F14: 46117 | G14: =IF(D14="","",IF(E14="Completed",IF(F14="","",(F14-D14)),(TODAY()-D14))) -> 117 | H14: =IF(AND(D14<>"",E14<>"Completed",E14<>"N/A",(TODAY()-D14)>$E$2),"OVERDUE","") | I14: https://vastint.sharepoint.com/:x:/r/sites/PrivacyChampions-VastintItaly/Shared%20Documents/Vastint%20Italy/Assessments%20%26%20Reports/%5BIT%5D%20Privacy%20Champions%20-%20Annual_Review_Checklist.xlsx?d=w94bc43722110437190e7167c2e161561&csf=1&web=1&e=bgRbF6

Sheet Dashboard
A1: Dashboard
A3: Status | B3: Count | D3: Completion rate | E3: =IF(B8- B7=0,0,B6/(B8-B7)) -> 0.7
A4: Not started | B4: =COUNTIF('Checklist Tracker - 2026'!$E$5:$E$14,"Not started") -> 3 | D4: Overdue items | E4: =COUNTIF('Checklist Tracker - 2026'!$H$5:$H$14,"OVERDUE") -> 3
A5: In progress | B5: =COUNTIF('Checklist Tracker - 2026'!$E$5:$E$14,"In progress") -> 0
A6: Completed | B6: =COUNTIF('Checklist Tracker - 2026'!$E$5:$E$14,"Completed") -> 7
A7: N/A | B7: =COUNTIF('Checklist Tracker - 2026'!$E$5:$E$14,"N/A") -> 0
A8: Total entities | B8: =COUNTA('Checklist Tracker - 2026'!$A$5:$A$14) -> 10
